broker, subs, notifs, notif_speed, entities, avg_delay, throughput
CONTEXT_BROKER,100,100000,1000,10,5.0,242.13075060532688
CONTEXT_BROKER,100,100000,1000,10,5.0,242.13075060532688
CONTEXT_BROKER,100,100000,1000,50,5.0,255.7544757033248
CONTEXT_BROKER,100,100000,1000,50,6.0,223.71364653243847
CONTEXT_BROKER,100,100000,1000,100,6.0,238.0952380952381
CONTEXT_BROKER,100,100000,1000,100,6.0,218.8183807439825