broker, subs, notifs, notif_speed, entities, avg_delay, throughput
CONTEXT_BROKER,100,1000,1000,10,16.0,166.66666666666666
CONTEXT_BROKER,100,1000,1000,10,7.0,250.0
CONTEXT_BROKER,100,10000,1000,10,6.0,227.27272727272728
CONTEXT_BROKER,100,10000,1000,10,7.0,217.3913043478261
CONTEXT_BROKER,100,100000,1000,10,7.0,215.51724137931035
CONTEXT_BROKER,100,100000,1000,10,8.0,175.7469244288225